<?xml version="1.0" encoding="UTF-8"?><metadata>
<idinfo>
<citation>
<citeinfo>
<origin/>
<title>Fire Response Times Open Data</title>
</citeinfo>
</citation>
<status>
<update>Continually</update>
</status>
<accconst>None</accconst>
<useconst>https://creativecommons.org/publicdomain/zero/1.0/</useconst>
</idinfo>
<spdoinfo>
<ptvctinf>
<sdtsterm>
<ptvctcnt>52506</ptvctcnt>
</sdtsterm>
</ptvctinf>
</spdoinfo>
<eainfo>
<detailed>
<enttyp>
<enttypl>FIRE.ResponseTimes</enttypl>
</enttyp>
<attr>
<attrlabl>ELAPSEDASSIGNED2ENROUTEFIRE</attrlabl>
<attrdef>Elapsed time from when the first fire department unit is assigned to the call to when the first fire department unit goes enroute to the scene.</attrdef>
</attr>
<attr>
<attrlabl>ELAPSEDASSIGNED1STSCENE</attrlabl>
<attrdef>Elapsed time from when the first emergency vehicle is assigned to the call to when the first emergency vehicle arrives on scene.</attrdef>
</attr>
<attr>
<attrlabl>RESPONSEHOUR</attrlabl>
<attrdef>The hour portion for Response Date.</attrdef>
</attr>
<attr>
<attrlabl>ELAPSEDCALLRCVD2CALLCLOSED</attrlabl>
<attrdef>Elapsed time from when the call was received in dispatch to the time the last emergency vehicle clears the scene.</attrdef>
</attr>
<attr>
<attrlabl>ID</attrlabl>
<attrdef>Unique identifier assigned by dispatch system.</attrdef>
</attr>
<attr>
<attrlabl>LOCATIONATASSIGNAMR</attrlabl>
<attrdef>Where the AMR emergency vehicle was located when dispatched.</attrdef>
</attr>
<attr>
<attrlabl>VEHICLENUMBERFIRE</attrlabl>
<attrdef>Unit identifier for fire department vehicles.</attrdef>
</attr>
<attr>
<attrlabl>ELAPSEDENROUTE2FIRSTATSCENEMIN</attrlabl>
<attrdef>Elapsed time in minutes from when call is dispatched to when the first emergency vehicle arrives on scene. Fire department expectation is 330 seconds for fires, 300 for all other calls.</attrdef>
</attr>
<attr>
<attrlabl>ELAPSEDCALLRCVD2FIRSTASSIGN</attrlabl>
<attrdef>Elapsed time from when the call was answered in dispatch to when the first emergency vehicle(s) are dispatched to the call. Fire department expectation is 60 seconds.</attrdef>
</attr>
<attr>
<attrlabl>SEVERITY</attrlabl>
<attrdef>Severity of a medical call. A being a low severity call and D the highest. O is a courtesy medical response.</attrdef>
</attr>
<attr>
<attrlabl>INCIDENTTYPE</attrlabl>
<attrdef>Identifies recommendation of how emergency vehicles respond to medical calls; C= non-emergency, H=emergency (lights and sirens). Officers have discretion to change their response level.</attrdef>
</attr>
<attr>
<attrlabl>ELAPSEDASSIGNED1STSCENEMIN</attrlabl>
<attrdef>Elapsed time in minutes from when the first emergency vehicle is assigned to the call to when the first emergency vehicle arrives on scene.</attrdef>
</attr>
<attr>
<attrlabl>ELAPSEDENROUTE1STSCENEFIRE</attrlabl>
<attrdef>Elapsed time from when the emergency vehicle goes enroute to when the first fire department unit arrives on scene.</attrdef>
</attr>
<attr>
<attrlabl>ELAPSEDASSIGNED2ENROUTEAMR</attrlabl>
<attrdef>Elapsed time from when the first AMR unit is assigned to the call to when the first AMR unit goes enroute to the scene.</attrdef>
</attr>
<attr>
<attrlabl>ELAPSEDHELLO2HELLO</attrlabl>
<attrdef>Elapsed time from when call is answered in dispatch to when first emergency vehicle arrives on scene. Fire department expectation is 390 seconds for fire, 330 for all other calls.</attrdef>
</attr>
<attr>
<attrlabl>LONGATASSIGNFIRE</attrlabl>
<attrdef>Longitude of fire department emergency vehicle when dispatched.</attrdef>
</attr>
<attr>
<attrlabl>TIMEFIRSTAMRARRIVED</attrlabl>
<attrdef>Date/Time the first AMR emergency vehicle arrived on scene.</attrdef>
</attr>
<attr>
<attrlabl>TIMEFIRSTUNITENROUTE</attrlabl>
<attrdef>Date/Time that the first emergency vehicle went enroute to the scene.</attrdef>
</attr>
<attr>
<attrlabl>LONGATASSIGNAMR</attrlabl>
<attrdef>Longitude of AMR emergency vehicle when dispatched.</attrdef>
</attr>
<attr>
<attrlabl>ELAPSEDASSIGNED2ENROUTEFIREMIN</attrlabl>
<attrdef>Elapsed time in minutes from when the first fire department unit is assigned to the call to when the first fire department unit goes enroute to the scene.</attrdef>
</attr>
<attr>
<attrlabl>LOCATIONNAME</attrlabl>
<attrdef>Common name of the location the call is from, if there is one.</attrdef>
</attr>
<attr>
<attrlabl>ELAPSEDASSIGNED2ENROUTEAMRMIN</attrlabl>
<attrdef>Elapsed time in minutes from when the first AMR unit is assigned to the call to when the first AMR unit goes enroute to the scene.</attrdef>
</attr>
<attr>
<attrlabl>ELAPSEDHELLO2HELLOMIN</attrlabl>
<attrdef>Elapsed time in minutes from when call is answered in dispatch to when first emergency vehicle arrives on scene. Fire department expectation is 390 seconds for fire, 330 for all other calls.</attrdef>
</attr>
<attr>
<attrlabl>RESPONSEDOW</attrlabl>
<attrdef>Day of the week the call was placed on, where Monday is 0 and Sunday is 6.</attrdef>
</attr>
<attr>
<attrlabl>MASTERINCIDENTNUMBER</attrlabl>
<attrdef>Unique identifying number for each incident. Number is comprised of BFD (Boulder Fire Department), the date (YYMMDD), and a sequential number).</attrdef>
</attr>
<attr>
<attrlabl>ELAPSEDENROUTE2FIRSTATSCENE</attrlabl>
<attrdef>Elapsed time from when call is dispatched to when the first emergency vehicle arrives on scene. Fire department expectation is 330 seconds for fires, 300 for all other calls.</attrdef>
</attr>
<attr>
<attrlabl>ELAPSEDASSIGNED2FIRSTENROUTEMI</attrlabl>
<attrdef>Elapsed time in minutes from when the first emergency vehicle is dispatched to when the first fire department vehicle goes enroute. Fire department expectation is 90 seconds on fires, 60 seconds for all other calls.</attrdef>
</attr>
<attr>
<attrlabl>FHRESPONSECODE</attrlabl>
<attrdef>Code for how the fire department responded to the incident.</attrdef>
</attr>
<attr>
<attrlabl>FHINCIDENTCATEGORY</attrlabl>
<attrdef>NFIRS category for what type of incident was found on arrival.</attrdef>
</attr>
<attr>
<attrlabl>FHSHIFT</attrlabl>
<attrdef>Shift on duty for the date of the call.</attrdef>
</attr>
<attr>
<attrlabl>FHINCIDENTTYPE</attrlabl>
<attrdef>National Fire Incident Reporting System (NFIRS) code for what type of incident was found on arrival.</attrdef>
</attr>
<attr>
<attrlabl>FHINCIDENTDESCRIPTION</attrlabl>
<attrdef>NFIRS code description for what type of incident was found on arrival.</attrdef>
</attr>
<attr>
<attrlabl>ELAPSEDENROUTE1STSCENEFIREMIN</attrlabl>
<attrdef>Elapsed time in minutes from when the emergency vehicle goes enroute to when the first fire department unit arrives on scene.</attrdef>
</attr>
<attr>
<attrlabl>ELAPSEDCALLRCVD2CALLCLOSEDMIN</attrlabl>
<attrdef>Elapsed time in minutes from when the call was received in dispatch to the time the last emergency vehicle clears the scene.</attrdef>
</attr>
<attr>
<attrlabl>SHAPE</attrlabl>
<attrdef>Feature geometry.</attrdef>
<attrdefs>ESRI</attrdefs>
<attrdomv>
					<udom>Coordinates defining the features.</udom>
				</attrdomv>
</attr>
<attr>
<attrlabl>ELAPSEDASSIGNED1STSCENEFIREMIN</attrlabl>
<attrdef>Elasped time in mintues from when the first emergency vehicle goes enroute to when the first fire department vehicle arrives on scene.</attrdef>
</attr>
<attr>
<attrlabl>ELAPSEDASSIGNED1STSCENEAMR</attrlabl>
<attrdef>Elasped time from when the first emergency vehicle goes enroute to when the first AMR vehicle arrives on scene.</attrdef>
</attr>
<attr>
<attrlabl>ELAPSEDENROUTE1STSCENEAMR</attrlabl>
<attrdef>Elapsed time from when the first emergency vehicle goes enroute to when the first AMR unit arrives on scene.</attrdef>
</attr>
<attr>
<attrlabl>TIMEFIRSTAMRASSIGNED</attrlabl>
<attrdef>Date/Time first American Medical Response (AMR) ambulance was dispatched.</attrdef>
</attr>
<attr>
<attrlabl>CALLTYPE</attrlabl>
<attrdef>What type of call it is.</attrdef>
</attr>
<attr>
<attrlabl>ELAPSEDASSIGNED1STSCENEAMRMIN</attrlabl>
<attrdef>Elasped time in minutes from when the first emergency vehicle goes enroute to when the first AMR vehicle arrives on scene.</attrdef>
</attr>
<attr>
<attrlabl>RESPONSEYEAR</attrlabl>
<attrdef>Represented as a four digit number.</attrdef>
</attr>
<attr>
<attrlabl>ELAPSEDASSIGNED1STSCENEFIRE</attrlabl>
<attrdef>Elasped time from when the first emergency vehicle goes enroute to when the first fire department vehicle arrives on scene.</attrdef>
</attr>
<attr>
<attrlabl>LATATASSIGNAMR</attrlabl>
<attrdef>Latitude of AMR emergency vehcile when dispatched.</attrdef>
</attr>
<attr>
<attrlabl>EMDUSED</attrlabl>
<attrdef>Was emergency medical dispatching used on the call or not.</attrdef>
</attr>
<attr>
<attrlabl>TIMEFIRSTAMRENROUTE</attrlabl>
<attrdef>Date/Time the first AMR unit went enroute to the scene.</attrdef>
</attr>
<attr>
<attrlabl>AGENCYTYPE</attrlabl>
<attrdef>County agency responding to call. BFD=Boulder Fire Department.</attrdef>
</attr>
<attr>
<attrlabl>LOCATIONATASSIGNFIRE</attrlabl>
<attrdef>Where the fire emergency vehicle was located when dispatched.</attrdef>
</attr>
<attr>
<attrlabl>PROBLEM</attrlabl>
<attrdef>Type of incident identified by dispatchers.</attrdef>
</attr>
<attr>
<attrlabl>LATATASSIGNFIRE</attrlabl>
<attrdef>Latitude of fire department emergency vehcile when dispatched.</attrdef>
</attr>
<attr>
<attrlabl>RESPONSEDATE</attrlabl>
<attrdef>Represents the date and time the first emergency response unit(s) was dispatched to the call.</attrdef>
</attr>
<attr>
<attrlabl>TIMEFIRSTUNITARRIVED</attrlabl>
<attrdef>Date/Time the first emergency vehicle arrived on scene.</attrdef>
</attr>
<attr>
<attrlabl>TIMEFIRSTFIREARRIVED</attrlabl>
<attrdef>Date/Time the first fire department emergency vehicle arrived on scene.</attrdef>
</attr>
<attr>
<attrlabl>TIMECALLCLOSED</attrlabl>
<attrdef>Date/Time incident was closed in the dispatch center - usually last unit's cleared time.</attrdef>
</attr>
<attr>
<attrlabl>VEHICLENUMBERAMR</attrlabl>
<attrdef>Unit identifier for AMR vehicles.</attrdef>
</attr>
<attr>
<attrlabl>TIMEFIRSTFIREENROUTE</attrlabl>
<attrdef>Date/Time the first fire department unit went enroute to the scene.</attrdef>
</attr>
<attr>
<attrlabl>PROGRAMAREA</attrlabl>
<attrdef>What program area the call falls under.</attrdef>
</attr>
<attr>
<attrlabl>ELAPSEDCALLRCVD2FIRSTASSIGNMIN</attrlabl>
<attrdef>Elapsed time in minutes from when the call was answered in dispatch to when the first emergency vehicle(s) are dispatched to the call. Fire department expectation is 60 seconds.</attrdef>
</attr>
<attr>
<attrlabl>OBJECTID</attrlabl>
<attrdef>Internal feature number.</attrdef>
<attrdefs>ESRI</attrdefs>
<attrdomv>
					<udom>Sequential unique whole numbers that are automatically generated.</udom>
				</attrdomv>
</attr>
<attr>
<attrlabl>ELAPSEDENROUTE1STSCENEAMRMIN</attrlabl>
<attrdef>Elapsed time in minutes from when the first emergency vehicle goes enroute to when the first AMR unit arrives on scene.</attrdef>
</attr>
<attr>
<attrlabl>TIMEFIRSTFIREASSIGNED</attrlabl>
<attrdef>Date/Time first fire department unit was dispatched to the incident.</attrdef>
</attr>
<attr>
<attrlabl>TIMEPHONEPICKUP</attrlabl>
<attrdef>Date/Time call was answered in the dispatch center</attrdef>
</attr>
<attr>
<attrlabl>DETERMINANT</attrlabl>
<attrdef>Numeric identifier of type of medical call and severity.</attrdef>
</attr>
<attr>
<attrlabl>ELAPSEDASSIGNED2FIRSTENROUTE</attrlabl>
<attrdef>Elapsed time from when the first emergency vehicle is dispatched to when the first fire department vehicle goes enroute. Fire department expectation is 90 seconds on fires, 60 seconds for all other calls.</attrdef>
</attr>
<attr>
<attrlabl>RESPONSEPLAN</attrlabl>
<attrdef>Identifies what type of vehicle is recommended for the call; AM=ambulance, E=engine, L=adder truck, BC=battalion chief, MED=1 ambulance and 1 engine.</attrdef>
</attr>
<attr>
<attrlabl>TIMEFIRSTUNITASSIGNED</attrlabl>
<attrdef>Date/Time first unit was dispatched to the incident.</attrdef>
</attr>
</detailed>
</eainfo>
<metainfo>
<metd>20190131</metd>
<metc>
<cntinfo>
<!--no contact person or organization name available-->
</cntinfo>
</metc>
<metstdn>FGDC Content Standard for Digital Geospatial Metadata</metstdn>
<metstdv>FGDC-STD-001-1998</metstdv>
<mettc>local time</mettc>
</metainfo>
</metadata>
